name,bus0,bus1,type,x,r,b,s_nom,length,carrier,x_pu_eff,r_pu_eff,v_nom
Feeder 1,Prosumer 1,LV bus,NAYY 4x150 SE,0.016,0.0416,1.6399113651738723e-05,200.0,0.2,AC,0.09999999999999998,0.25999999999999995,0.4
Feeder 2,Prosumer 2,LV bus,NAYY 4x150 SE,0.016,0.0416,1.6399113651738723e-05,200.0,0.2,AC,0.09999999999999998,0.25999999999999995,0.4
MV Line,Generator,MV bus,NA2XS2Y 1x240 RM/25 12/20 kV,0.022400000000000003,0.0244,1.9100883333825943e-05,200.0,0.2,AC,0.00022400000000000002,0.00024400000000000002,10.0
